x1,x2,x3,y
-1.0,-0.6824751338671895,-0.6123799461675861,1.2931118966794937
-0.7574637394323933,-0.16956153748383374,-0.45554824558380913,-0.6393432563786502
-0.6175582741513361,0.11965538504860418,-0.7128910841017946,-0.09292856507365338
-0.8530463264410912,-0.3690107683996591,-0.8959810028680839,3.727637108499066
-0.08927625885860224,0.16037706609608882,-1.0,-2.67103882738521
0.2956211021772681,0.1388287701007911,0.31275161919769756,1.0682512721731277
0.298805961373221,-0.45122052172036153,-1.0,-5.078499920410931
-1.0,0.5906795149690882,0.19928268092610946,-2.764025583154842
0.03929094627542162,0.06861681039827427,0.25442028257471705,0.5199893626382186
0.11597931793962779,-1.0,0.8700278633428442,-3.3467498332065193
-0.2310864196950626,-0.6709190688860482,-0.20341787196896188,1.7273172456818136
-0.14109154426370685,0.2326566339103735,0.8312100459866598,0.2427638822518727
-0.8835290776852882,-0.995859838081051,-0.7043667577255432,2.4649529686398814
-1.0,0.8802524835464938,-0.7869644866751762,11.416012108425342
0.4972788613429673,-0.3081503752818828,-1.0,-4.64794442550905
0.2633677521673121,-0.633195607340042,-0.28268422663879544,2.208350702768667
0.9231864765581159,-1.0,0.47856505197663624,-4.653363010650454
1.0,-1.0,0.8216334043319058,-5.9956250691807575
0.04901806596820801,1.0,-0.04678726320139104,8.17484101995083
-0.1553629459868191,-0.36739613893360734,-0.22461600032708073,-0.08267291647696273
1.0,0.5900183171808739,0.031997369044676205,6.944593890839752
1.0,0.22019947298849685,0.8488377886546221,12.122941697038266
0.8780063120498165,-0.5195321686294645,0.33061127168293036,1.483201845485234
-1.0,0.2587397934239206,-0.8202875149928988,5.322377867816242
-0.8836417886990864,0.5273169189399585,0.30705287218047705,-3.230305225631068
-1.0,0.6691979117410995,0.7608026838238975,-2.013649664869642
0.9667316574476763,-0.5661442486680137,-0.5549571108127598,3.3935962963487847
0.2508792340468431,-0.3605381044012672,1.0,-2.0954285496967873
0.2541010707705733,-0.6508982119016811,0.6190648595808648,0.24520891285314295
0.5904910692823868,-0.6227792651543458,-0.617926989135821,0.5706933776304927
0.5884500301717308,-0.07658071647671627,-0.9607981901147091,-1.9164102459076289
-0.3285908425305293,-0.34775059627538485,-0.34659238428743877,0.884504407647262
-0.7093632523276765,-0.2609090354888648,0.4591984301050247,-0.19226440380560283
0.8066197976780669,-0.9918186706507892,-1.0,-26.093132957798254
1.0,0.03177041852923157,-0.07962226633387925,4.3387253466716365
0.8984280549055017,-0.3422228224562285,-1.0,-0.09347904075228014
0.9068093283048602,-0.10713828207899523,0.740430593457458,4.893380665410786
-0.8643865238822439,-1.0,-0.6397960990026781,3.2812805476575178
0.30195473368829284,-1.0,0.43634485059451267,-0.024716731188421104
0.023130126299242937,0.878970508995577,-0.49560132650345223,3.576555932479422
-0.6208078655472724,-1.0,-0.4144043570100988,3.0033978138780935
1.0,-1.0,0.25402586255688364,-7.593791683220606
-0.11298185310006614,-0.051138310206637616,0.36895306880036394,-0.16102277023364137
-0.33853761951029604,1.0,0.22069021082519424,6.646496565073964
-0.852314176245494,0.768821527894636,0.6151385989387295,-2.6405195870413922
-0.6610382001872697,-0.10836779708549349,-0.187043233585241,-0.42085381973282426
0.2509297654246547,0.573658328814755,0.5445987170963418,1.4166023470242768
-1.0,0.8198972811721998,-0.33032635032102897,4.387161243951256
0.1110512516813531,-0.3960373294441595,1.0,-2.1162950867164696
0.4678147219311324,1.0,-0.8907093044007579,10.288605756811537
-0.6351594056381984,0.6793424323126234,-0.3440206468042557,-2.116221482896265
1.0,1.0,-0.47333816575705145,20.55569795537834
0.09943028676950094,1.0,0.14159888243071728,6.691716232526444
0.44932696784094905,-1.0,0.5434669347336794,-0.37685286729373046
-0.2949868475171564,0.9708094725934882,0.2339258076324795,4.634695281783342
-1.0,-1.0,-1.0,3.311450608618969
0.3204791787966095,0.014294378656881657,1.0,-0.7161233018928366
-1.0,-0.6696081641715006,0.9593738996944947,10.980205761312495
1.0,-0.25484069860149994,-0.4505662253962188,5.120182115002369
0.7894488927354792,0.7281652954468476,-0.714695741070698,3.1584370435787257
-0.06873903214112298,-0.2541097028236068,0.9683286390026888,-0.35304986054740095
1.0,-0.1921888945702097,0.38862393959630026,5.410949265906116
0.3109106252355722,-1.0,-1.0,-19.10896114172244
0.8688945365578866,0.04062472450879984,0.023561651556176955,3.2720218199928373
0.9932461456723849,0.17011208951454537,-0.4504630457985308,4.565819904864153
-1.0,1.0,0.7738519636627321,2.5700986522128204
-0.027578614748338115,0.18257688034829544,-0.35762040855230715,0.8971451364466054
-0.0648271333673458,0.3442607099768398,-0.48531616288840285,0.9045488829016023
0.1899068682206868,-0.5759915011482539,-0.3580549382578835,0.795297709790455
0.8256518210053279,-1.0,-0.9610651620429167,-23.876284930854663
0.20372639926956748,-1.0,0.5180328581114289,1.0930887236689366
-0.4952781470085521,-0.04370062101617389,-1.0,-0.7117151571630038
0.6301706597745411,0.3781522477271513,0.43488453998062715,1.4050573980623562
-0.04725226520302961,-0.6239753582525731,0.42456780782538006,1.431588847439431
0.7975780135955983,0.5253224444478766,-0.5612080873975664,2.1114980747796666
0.19121080411487457,-0.11452929053636374,-0.3067055623630497,0.06507657286137092
0.1351581492676419,0.8934066944092514,-0.7393363138904849,4.270863634129166
1.0,0.2914453629198668,0.48497591516532124,7.294294893660245
-1.0,-0.737391756468011,1.0,14.530124922771883
-0.1246964433289035,-0.25540321787079434,-0.8346963334824833,-0.7110273013719739
-0.971924723036153,-0.20842633928845333,0.1921522723647695,-2.95519568327508
-1.0,-0.01782741858870507,0.1561322921232986,-4.904975085246205
1.0,0.4418355511977867,1.0,21.450160273106217
-0.27203081753969305,0.44695143607940135,-1.0,-2.176756374270502
0.5361840306228272,0.33451616449305344,-1.0,-2.5416853981446668
-0.2982059480082726,0.8573202727844174,0.25175592276084235,1.9278290100442745
-1.0,-0.13832686907086544,-0.9449642869693409,5.933578526293042
1.0,-0.2498736639881023,-0.11455060135771711,4.196964515633679
-0.569483048483044,-0.6400407396809715,-0.879954300817519,-0.7607766540408205
0.05785669254014314,0.2907389808669525,-0.36694428673615676,0.33496230025724505
-0.25609500481183045,0.1534170485673927,-0.12249522736258367,0.0719753662155915
-0.1711422571225545,0.2710133745413219,0.20574784021930848,-0.31213556894576705
0.3274065607463865,-1.0,-0.4345038536698478,-1.0105312958685528
-1.0,0.8299739065731435,0.2230729267716034,-0.32162854652818756
0.11556564429379401,-0.15328327101103167,-1.0,-3.702050610415395
-0.8036989480714087,-1.0,-0.4955702402947477,4.314621375573895
0.892090074267996,0.8651635694974775,0.1705185162899947,6.344205644241171
-1.0,0.026475823970658396,-0.3126656278724862,-3.7249933031520936
-1.0,1.0,-1.0,21.314538829846175
1.0,1.0,1.0,25.85552155080275
-0.6246959539090193,0.08185467764674592,0.4824589393209944,-0.9657679992322015
-0.8793636568288083,0.25069042881560244,-0.6783560986072672,1.0376297800043082
-0.06354297821933264,0.053503955983627005,-0.6965787647424437,-0.06541769842782214
1.0,-0.027682431399268292,0.2984607254734286,5.044212749119505
0.42760725041510317,0.05950026801185171,1.0,0.31030890696478447
-0.5516531567533773,1.0,0.04370431801006025,4.651188791708564
0.7302042487341491,-0.12068319312931108,0.4187087007900683,1.6249914625042772
-0.8345468778582246,0.16758640862092933,1.0,2.8915079121444665
-1.0,-1.0,-0.1459280512797263,6.598038154499918
-0.049599761123435115,-0.2668652226919799,0.235135065293947,0.5410031523260278
-0.26844566665754765,0.5259087004805179,0.01603174123880069,-1.2835548801198904
-0.6270173886343071,0.505922000817971,1.0,4.383822729442899
0.15926637937561372,1.0,0.2944651670146581,7.393625649002695
1.0,0.7917368652135643,-0.49674764874167976,8.45883355566051
-0.8139620192362151,0.9227534381095,-0.12164062328061576,1.8143308273752843
-0.7260923259584462,-0.25886298981445854,0.0649360672099688,0.7471895780283406
-0.6411355890342734,-0.0969386546314166,-1.0,0.9579856700048315
-0.3978069576687999,0.6687143356955796,0.3019272213178419,-0.7625060036497093
0.2561736465308262,0.43995504323962775,-0.25707865646021744,0.6199257413549857
-0.47813660581366446,0.3764595870722345,0.8083595077665475,0.3340833489800324
0.10528777289014002,-0.46688919881861946,0.010497962534065097,0.8861055037306322
0.922367827810685,-1.0,0.43104366857459464,-5.321939760269549
0.051688551459330156,0.37518309106176195,-0.2034757446856974,1.1516937879592446
-0.8759560845095382,-1.0,-0.24158045746294476,5.422969889033828
-0.7894646984382963,0.5406412797343958,0.07495983900877601,-3.67011536446678
-0.5947263917281822,-1.0,-0.34682865711492505,3.0748108312843274
0.03998566438485929,-0.5938764510240893,-0.14616570049178934,1.5139022090708185
-1.0,1.0,0.9133385487362973,8.967939903673253
-1.0,0.732359485711706,-0.5430992424266272,3.8112977949411206
0.8908977328154157,1.0,0.02818899762404503,10.902058302367658
0.967492955432776,0.9340192851797511,-0.33197149975906526,11.536667599745398
-0.034156906662022646,0.3347787670843796,0.8051815791211434,0.7080616432518964
-0.016958869112597474,-1.0,-0.49277793940582804,-0.6943871578090102
-0.3140998092858822,0.9418397337258708,-0.9192961172653411,-0.4931927340004716
-0.1578973342595147,0.837362064734958,-0.1274578131559867,1.821077027556738
-0.2002223001093617,-0.8163895875974365,-0.15439982359390103,2.4876543687140518
-0.19544462124815576,-0.9056286303249996,-0.6895841632139805,-1.5542627478486286
-0.400609260380705,-0.4834833343475913,-0.13541863729653492,0.4563291522442512
0.873932719191431,1.0,-0.12659040278352363,11.3007781181141
0.6562548051342314,-0.5445517046203698,-1.0,-6.783639681636635
-0.05815525911034336,0.5969623407621027,1.0,3.806833391988428
1.0,-0.2596569045217825,-0.3645687766236243,4.727704362182719
-1.0,-1.0,-0.10265405393668203,7.424173623783266
-0.9769892860413054,0.18336962685847236,0.31780460904863395,-4.432890514151044
-1.0,-0.3659823128458157,1.0,6.007009734893552
-0.30146737788531297,1.0,1.0,15.029438933064416
-0.3726873208385091,-0.3019021792414558,1.0,0.8756838837045572
-0.36403979513234064,-0.8774600981682661,0.3622729830689586,2.222163314060217
0.023472958087620954,-0.09049217624908668,1.0,-0.7717829280777075
-0.852819181175622,-0.5523333278222751,1.0,6.067815032144063
0.09211795938154554,-0.8394898502043424,0.258919799460664,1.1567410716812194
0.06009934407624251,0.8327501913843298,-0.2810204528443814,2.836100594001451
-0.7653473124787269,0.1686709788439822,0.8008292192148871,-0.7803083835328269
0.6743083977707152,-0.5456532627168273,0.13555845625454133,1.178527749782123
0.6490569767450145,0.6240410250013455,-0.00274813705414112,1.5876401431039422
0.4469367466082841,-1.0,0.43144937468430045,-0.2884313873135991
0.6741644570360612,-0.6398379114089425,-0.042499223306420086,0.6938891181204585
-0.39389056566124725,1.0,1.0,15.790723855543597
-1.0,-1.0,-0.24099424226871546,6.937531293986467
-0.7124101312709403,0.5836387793039335,-0.17747163793978515,-1.98543548581211
-0.994232065925363,-0.8711345705548406,-0.9353995497590226,3.795725794265548
0.2820583559114198,0.19788520092406392,-0.28011019452082997,1.4027217406487884
-1.0,1.0,0.6386433496803692,1.145578827349394
0.5371978838266145,0.022484708557810817,-1.0,-2.54114881261205
1.0,-0.5732313613994271,0.7238350823560828,4.293201229598854
1.0,1.0,-0.8838297104099808,33.51050193352052
-1.0,0.12818723886583894,0.3632651215216447,-5.035463760975074
0.5274311024981362,0.7273839390934205,1.0,7.043394977530926
-1.0,-1.0,0.8505087795244155,18.82635415182371
0.929085479877293,0.4557670861235452,-0.6852646279379189,3.9451202133675913
0.5826894908151472,1.0,-1.0,8.99684689538102
0.004176085344756997,-0.49097350554225816,-0.1508290977238802,0.9338363348428335
0.9672110085325083,0.35183372260858725,0.8600417465663863,12.828950663024509
-0.022548568908513644,0.25909253004144484,0.5066082129512646,-0.048190188368869846
0.311425922999486,-0.3336959692148356,1.0,-2.882497485762138
-1.0,0.502431024703474,-0.19046248330815407,-2.3338191578841965
-1.0,-0.23797030051004997,-0.1355525444723209,-3.679246811982297
-0.6410293922885106,-0.2272424679965317,1.0,2.7866711351852125
0.9640127375277303,-0.14949659104697943,0.33379939850723095,4.641952330289221
1.0,0.09323103621557083,-0.17789398899255127,4.327352401807981
1.0,0.26835555722846527,0.14005884209886976,6.071233676311123
0.12739532568353673,-0.009972342542875712,0.8747057865500263,-0.21859506763496447
0.1763172115676468,0.12921831769774128,-0.9372687992854316,-1.351265188947526
1.0,1.0,-0.7324015265898407,27.401184137606624
1.0,1.0,0.07996293908143892,13.939243758341703
-1.0,0.4030594748750733,-1.0,16.2514968386621
-0.20489866556288194,1.0,-0.13978574548939648,8.185255021853568
0.9728551764066489,-0.12624103909885975,-0.5064371702052939,4.451707454877972
-1.0,-1.0,0.13354506343080863,8.46320539735833
-0.0809075451150909,-0.661618243874114,0.0030562967911673677,0.9028708208490852
0.08903314420611141,-0.5848929842884611,-1.0,-6.904026890085718
0.1848865246945639,0.008007882249124076,1.0,-0.36916931773923545
0.19209802023497935,-0.09644005827612423,1.0,-0.5830893044436193
-1.0,-0.4876740102445032,0.4145938500464559,-0.73595218425293
0.3773996336488823,-0.2978496719925483,0.8647432527141452,-0.5361321501771703
1.0,0.9339494858830821,-0.7081599377812631,19.1572775501394
-0.006399061953723972,-0.13409439893123443,-0.36319437046051495,1.4600822241724785
0.24357371160078656,0.3424386489335065,1.0,1.9123042160778156
0.8139144595220207,-0.5784408581067675,-0.8057045196583075,0.8377477900156545
-0.4331728458242483,-0.5345106027855444,-0.29970350547120694,0.26662422796272234
0.6772180040789,0.7509048183104068,0.47680707167685843,4.071913902444969
1.0,0.11973466483250572,0.9841918784087655,14.283030740229885
-1.0,-1.0,0.2774060302120165,9.484633636288372
0.7412369746345349,-0.4063918489829401,0.41943758063098846,1.4677221565748442
-0.5187022625258575,1.0,0.1530693229109532,5.122439873194764
-1.0,-0.5210292655844877,-0.9314020965869663,4.313838321772024
-0.9573027578216524,-0.033515599540036245,0.1511124801384931,-3.721285420652581
-0.5658387757641938,0.027124431604120813,0.28574356799226375,-0.23977009039439845
1.0,-0.059165260161040845,-1.0,7.030190506316544
-0.36363795716732983,0.8466921618714984,-0.2678203286131884,1.7878519010618659
0.4309246813279821,-0.25888893968763793,-1.0,-4.442422068656126
-0.3323486209399893,0.2668793337222193,0.2667963207689452,-0.6564686383574216
-0.0005211379267719973,1.0,1.0,12.27605389177171
-0.08247774647962691,-0.40784623631681405,0.23487827249458038,0.6556808182247269
0.5090928341466623,-0.21825326691075952,0.43520521586040317,1.7823210485782035
-0.48654467161280035,1.0,1.0,15.931498787215578
0.41174852716333876,-0.2924809472850063,-1.0,-3.8951219358446365
-1.0,-1.0,-0.06431021328190911,7.108942414081281
0.5837374977525784,0.00792770251375452,-0.6388363327007418,0.6240490064426123
0.32851797383159975,0.8034370471002779,0.18539669343310172,1.5479492175318545
1.0,0.09835622319185822,1.0,14.510023231687095
-0.9781896637810916,0.6806245457847258,-0.46842026081383503,2.2044706698196173
-0.3856834960811071,0.8476099637420675,0.13203641873647198,0.5971413219449552
1.0,-0.4564301114112659,0.730057554138732,5.377353903003844
-0.5986482196703857,0.12527384051386914,0.38999819595720786,-1.2959125628641508
-0.9651685289719785,-0.26751268931874406,0.4323155494903477,-1.0541239598425476
-1.0,-0.6743227114354882,-1.0,5.098095480044123
-1.0,1.0,-0.1569267576610749,9.800765508260053
-0.08211028763366435,-0.5444849590848235,-0.748925451701588,-0.3114772418530344
1.0,0.04133135623297712,-0.9050006705776534,8.294144093773049
-0.3310434703787828,0.36519602510198257,0.1443612664395324,-0.659662436148629
-0.021948655579848708,0.4352707096675037,-0.8749394610179617,-1.2519592960475974
0.5320349858300593,1.0,0.47163677485778455,7.070411096235901
-0.8701364018389368,-0.6095168647289859,-0.14590746932407295,2.379402477145434
-0.7727817251538418,0.9554689866291377,0.19731576193943368,2.4228159951833015
-0.17402335326807394,0.2953618588768687,0.2274588660718917,-0.5845067303047157
-0.0009318704709717629,-0.039405620732649416,-0.8011032178508692,-0.44382261583682947
0.38084824051260724,-1.0,-0.010803596604101573,1.4822348522519253
1.0,-0.2075511634489855,0.3149760868031197,5.224974282279538
-1.0,-0.564351844337968,0.18964987804277778,-0.3528525603220205
0.6770170294195204,-0.9084338957194944,-0.1356809199729454,-0.2542358205113866
-0.24330001382921207,-0.619024563145568,-0.4203116311087187,0.41275646591757764
0.5415122104233443,0.3945031313513261,0.4794088041079192,2.1978485486562453
1.0,0.37780908299974225,0.23289694315031362,6.732129255305461
-0.7981815299446484,1.0,0.28578257367554305,3.5823363858191217
-0.9286557540057991,-1.0,-1.0,0.14267217271273946
-0.17928228741555574,-0.11301999325643997,0.33761419210640664,0.11187084551211605
0.4625237669394995,0.3176284743533535,-0.4881335549492445,0.6418221582286252
0.7331228584796259,0.6361857569238438,0.04021179936161823,1.966517902780921
0.6274347715038933,0.9035812798208942,-0.24995567290511134,4.676700719869271
0.1962936973724123,-0.9205259795240137,-0.4071372320229587,0.292372868345785
-0.4373866356145475,-0.3976281312428198,0.8354778797972928,0.6487665898935593
-0.10067417229787856,-1.0,0.2861705057183537,2.938345184508966
-0.12462158279453561,-0.30481261934046366,0.4293463321428752,0.45921999721694406
0.926841652965317,0.7678243444589996,-0.6742879912800495,7.419140510892626
-0.01447050401274641,1.0,-1.0,4.4135306073363445
0.9341878173481397,-1.0,0.5220005916608261,-5.014469416328843
-1.0,-0.17096471324400464,0.1967331534509711,-4.047808639954156
-0.4144914725975801,0.6592495980179263,0.27426261849770084,-0.5428628361078158
-1.0,0.846836223545109,0.6906322218606467,-0.7932632502838469
0.8932532616720972,-1.0,0.19355431157717984,-4.852769059324777
0.7762862912266841,-0.710975051016929,-0.4486902939447197,0.20362637125568162
-0.4634453754401211,-0.502193522685848,-0.40085797850551064,1.2029799292463765
-1.0,0.5954548329282108,0.32986769677606387,-3.859232217688314
0.13167862180923517,-0.4087843355516576,-0.270188109113638,1.4181064522971212
-0.34863357926868854,-1.0,-0.11702255121644378,3.450703062484567
-1.0,-0.13090875084114395,-0.630841116657183,-1.006419398784184
0.2780298116688569,-0.701264302403622,0.07824336445502533,1.422619571926277
-1.0,-0.8168512306046274,-0.15949340526375244,3.4724270029108992
-0.09672659454765942,-0.3036822459837438,1.0,-0.6098173384397518
-0.5125601537388889,1.0,1.0,15.937844911635507
-0.76270641419544,0.4898528911084046,1.0,4.554276631206826
-0.6037592255592605,1.0,-0.6444483243553696,4.056040274324156
-0.1290986632403579,-0.4328498145743094,0.016304436056610028,1.6472529520652825
1.0,-1.0,1.0,-9.650820398950895
0.7320097213201522,1.0,1.0,12.76822321230476
0.0670198527376733,0.07966825594318205,0.5369001295783722,-0.15988248406643063
0.0929448322127655,1.0,-0.04933231461233012,8.992344057614718
-0.9141716811057123,0.5304197494775329,-0.3725022157430211,-1.8385979168114375
-0.7738190187624412,0.5088987210933189,0.8496650073752277,-0.318239238310982
0.8904465405123387,0.7507975771527275,0.6543310036075862,8.835004622017076
-0.19438448686316367,-0.41204396749779804,-0.33774839336587803,1.413625859617545
-0.07134989253247048,0.14539405945306672,-0.22860233191719304,0.32586874286506035
1.0,0.4224060689854525,0.10190623177517932,6.297459633780618
-0.5377030768143767,1.0,-1.0,0.7459667800018059
-0.6705408043251397,-0.02625524325279005,0.9589078306106231,1.656095809798948
0.15025717301263386,-0.8127698992933305,1.0,-3.77424771850429
-1.0,-0.12184378385678563,-0.305085619032722,-4.184298764315983
0.19811762079767026,-0.7410175215980108,0.259947799170432,0.6599925178739761
-1.0,0.2708690944624892,-0.7037785081640247,2.877048213067678
0.23703449126683385,1.0,-1.0,4.969586345202672
-0.42315052334614944,-0.5002989325908389,0.5999783631414115,0.30292653655174046
-1.0,-0.3019439673730344,-0.5756252758182601,-2.1918268118267146
0.6083727228296771,0.03136135692862818,0.1479093939778371,0.5187468714583645
-0.7958354561418313,0.1512355152186622,1.0,3.48999327495727
-1.0,-0.5201319742593955,0.008183328412185942,-1.4028625597396212
0.775138766251473,-0.3225049040553536,-1.0,-3.155826040559579
0.7146062648695297,0.508026608704615,-0.038924751324782125,1.753708001925317
-1.0,-0.19639402437053577,0.939682223560729,2.914766795625933
0.776692116592832,0.3177502580061029,-1.0,0.6893106845160424
0.42722271106222753,-0.3088898978941699,-1.0,-4.0625820143242715
-0.036858084061454965,-0.45165845130670057,-1.0,-4.822214547411614
-1.0,-1.0,-1.0,2.609132462034153
-0.10655860546085294,-0.9211439984017733,0.717903499311912,0.15243330404957378
-0.23922709958241972,-1.0,1.0,-5.545191930298457
-1.0,0.5616543221037822,-0.9238208385833879,12.752988431872627
0.5834699442543709,-0.6376285230621095,0.67032118272385,0.21126114891125308
-1.0,1.0,0.47265793218739427,1.014651621166426
-0.9011777827611416,-0.5826203072601246,0.20963362239969507,1.2989765543156793
-0.6568450088793938,0.5581271365709877,-0.7398901703553864,-0.6862935850206995
-0.018129359696352987,-0.21687982566947706,-0.6544031450306065,0.9223073166237913
-0.3551428917543342,0.04516497376514672,-0.17697487380967258,0.15781476742646128
-1.0,-0.9732558489202723,-0.24164442526426644,7.022271754906043
-0.8671124995538735,-0.06477853834001657,-1.0,6.325522660650055
0.3199460410815054,0.17371296818916626,0.46462982090493354,1.0216995746803486
1.0,-0.5477776469573166,1.0,3.8075176383542435
0.2888146805519427,-0.014114424236684853,-0.6563047454437303,0.800383428111271
-0.2289041592845218,1.0,-0.7509143322807328,7.6692061558265054
-0.6982022141685373,0.5436909203520512,-0.2631867548175282,-2.29959443270144
-1.0,-1.0,-1.0,3.46348544640019
-1.0,-0.4737575287047271,-0.032926577489030384,-1.3560559986155023
-0.1789111169030957,-0.5253784387551412,0.7404232421816686,0.5248594677247771
-1.0,0.14383324833877853,-1.0,13.025303884293992
1.0,0.32337766236866816,0.49602263068843855,8.492896882790154
0.18954326987165437,0.3585822585566434,-0.8379938958349711,0.13201238139322002
-0.39142812942598026,0.052905625552455815,0.6797440075303205,-0.30064313856351627
-0.7349614732818794,1.0,-0.09448698251913301,4.147164517541563
-1.0,-0.5584742566332366,-1.0,5.294554597259363
-0.035322224321749474,0.6615932944612057,0.8523403845526689,3.38414259870906
-1.0,0.08011579501749466,-0.4954314341144006,-1.4604385098393986
1.0,-0.35129503219085656,0.8245059497781417,6.6503055412949506
-0.4204465312128043,0.5706443468714542,1.0,4.88655035831787
-0.048998506615627324,0.005943837810962194,1.0,1.0038012671172472
0.5522209884668292,0.3901923157919607,0.5905695519803866,1.3456841451630743
-0.09282763934056959,-1.0,-0.020292097897816053,2.739718407063033
-0.2529690013528274,-0.1806972071108408,-0.14559608900434262,0.5901169964867156
1.0,0.7532975665283372,1.0,25.899227446655644
-0.7772837415048333,0.5180758611273046,0.4293734160924014,-3.2549257188600236
-1.0,1.0,1.0,17.844619391027003
1.0,1.0,-0.20049784797868542,15.310401529749672
-0.6887328953751763,0.7271976069304498,-0.40486717317113396,-1.5895472571273368
-0.33732571862815575,0.7218409237033159,-1.0,-4.171726923244411
0.06711612000249856,-0.4276284313533356,0.3526355295733239,1.153078535030606
-0.18772123170458133,-0.43284613087204105,0.3862057419002016,0.8116803303691712
-1.0,1.0,1.0,17.282320101324007
0.6207460855959803,0.8310328930022666,0.39205527811516094,3.530666349883388
0.722201985434507,0.5954755326353445,0.9914509673456724,8.666757365691506
-0.3748823673717716,-0.5990402046010432,0.45447305575627306,0.836584837611831
-1.0,-0.6699576216611853,-0.8878170707673054,2.6296529156116106
0.2277762261663936,-0.3493998431448553,-1.0,-4.8753819590879495
0.7358908740651848,-0.5958640541564648,0.6836970825122501,1.0320727307639699
0.4770903399804589,0.09814855176937498,-0.39871850866815994,0.8672379147516798
0.9478067959860208,-0.7277420742698417,0.2760409349980695,0.7499071665896467
0.7152751970437896,-0.8883723167120967,0.7050699458355214,-0.18285489393944354
-0.2672185517524899,1.0,0.1408408689967755,6.225241194093324
0.10849169179043106,0.24198347755555094,1.0,1.6317434355556086
1.0,-0.09838970017022297,0.4883651992060738,5.892368436089356
0.04349024721815531,-1.0,-0.971887223689853,-15.128393560686826
1.0,-1.0,0.7283503535362832,-6.0155545940463995
-0.5335521641535528,1.0,0.07896992953712156,5.6350657517417835
-0.9984550680070872,0.05612151800756737,-1.0,11.87001471458505
-0.27156086338633867,-0.6591925875220075,0.0886294857969745,0.4332693168223857
-0.7911375461894881,0.42354706611361936,-1.0,4.831630958173164
1.0,-0.4569172750318127,0.31939606404458676,4.617315057680135
-0.005041465761727926,0.6488051546999059,-0.8808401124376695,-1.5481937429629664
-0.3633733629493945,0.2297717844017173,0.8275972764835293,0.28688529866430135
0.16196842908405906,-0.7484245636079265,0.11335560026693225,1.5939806340718243
0.49302863660542884,0.572409637243875,0.39678630875179244,1.3306502822962216
-1.0,-1.0,-1.0,3.5357308250087938
1.0,0.36938787900456393,-1.0,11.688191337311459
1.0,-0.4888044089791861,0.025777889799151632,3.8805576145592404
-0.8295368567784458,0.4643601682536822,1.0,4.172430635688838
-0.3476927391495479,-0.7276609978619224,-0.5388582110500217,0.5965120706163247
-0.15479802499411033,-1.0,-0.8776854328071986,-9.224022444248728
0.41437447931799687,-0.13345746176459095,-0.21399852849805412,0.8796215450784213
0.5449839315283767,0.15000185891504425,-1.0,-2.1727169525178294
0.44255518393978277,-1.0,-0.6931163649791046,-5.823977092662176
1.0,-0.3489958287155843,-0.8815106014583076,6.580720584481805
1.0,-0.23253820144234094,-0.2504502137436888,4.764017253292919
0.7012129777442555,0.8323177440139011,1.0,11.15184687420341
0.4778660828066901,0.7340587545263229,-0.057033128999221416,1.7544606282334732
-1.0,-0.3340823948854439,-1.0,7.379757036342889
-1.0,0.17905095680688743,-0.2521919004193258,-3.2375593769668907
1.0,-0.7840478387632903,0.6549549080221417,1.8943137096059002
1.0,1.0,0.39828934534882654,13.906480955343724
-1.0,0.02641455132180215,-0.3444668083355935,-3.1335677886835014
0.13894423663302313,-0.7323004406928044,0.15264156916724203,0.691748029381239
-0.6271528897887797,-0.5944070949518461,-0.3703281228811788,1.8966244595247326
-0.6626232603599491,-0.20928424210883434,-0.4343046973044933,0.598513780608186
0.5044246431813733,1.0,0.703973722707032,7.980208883317266
-0.99525649347323,-0.3651299120853069,-0.23691496587604277,-2.243000300243425
0.2683236941914906,0.203029978673001,1.0,1.6087690090673072
0.3221625315773584,0.7432144176210944,-0.5442402448561097,1.7972812181154976
0.6221901528405245,-0.19197598967459473,-1.0,-3.797481782862106
-0.5419741802007068,-0.6431289317466053,0.2639260629925988,1.2074756656700363
-0.414976987039525,0.4087049924943569,-0.4926082504878233,-0.711465117883998
-0.4056600774243102,1.0,-0.4780441618854714,6.556104073592581
0.22768524934329526,0.06655941190862591,0.991903897015108,-0.1348087369118894
-1.0,0.7769369386056757,-0.3107330192914157,2.8355654852055965
0.23814245347538887,0.7850091491816713,1.0,6.867770561190929
1.0,-1.0,-0.5081682881469034,-10.935897458937873
0.9191453921427926,-0.38407511260314386,0.6080168255332927,2.9828287324904865
0.1842244482330555,0.5308678808534382,-0.21090018097307484,0.7975904813349746
-0.9143945550178001,-0.809607415161463,0.04519385684964705,2.9423170647229373
0.47315253833422943,-1.0,1.0,-7.347721584710108
-1.0,-1.0,0.8119637297952633,17.419019888243536
0.3701240972097586,-0.6072729659000387,-0.7558011530534514,-0.40253763173872775
0.8636414516368376,-1.0,0.21678931564865977,-3.865441286433888
-0.4076781000267009,0.885947526136075,-1.0,-3.148706720713769
0.685364293302724,-1.0,1.0,-6.481671265159244
0.7386355903585964,0.4268622102051143,0.47023200115713903,2.1884044429808474
-0.4157708547568899,-0.03598193762769708,0.5776834765587373,-0.74931111024512
0.20256909898821918,-1.0,1.0,-6.335007890462028
0.7749118853805692,-1.0,0.47903315845829453,-2.092298381209445
-1.0,0.4588416471560217,-1.0,16.871420548100502
0.9024543508943863,-0.45537714203573865,-0.029301961562322676,2.6097907479546634
1.0,0.8932631382561205,-0.40980411743209033,11.555731179801015
1.0,0.8543619227639496,-1.0,22.18580528597219
0.20333279961142003,-0.5240350404206053,-1.0,-7.010797287382431
-0.08084743535636463,-0.27595628896007707,-0.9175312226266077,-2.033198181277767
1.0,-0.19829153744221562,0.5977965119934883,5.786057302864892
-0.48738722345379215,-0.5170879388172211,0.33544903243251345,0.7109210339215338
0.804816048232778,0.34881866030736197,0.09779774387776485,2.369840764314926
-0.4730896232577031,-0.6362482935983975,-0.5833412392571387,0.8810448547767901
-0.4506238473850728,0.766506589212838,0.23542903237165347,-0.4033389343506525
1.0,-0.6952962968181207,-1.0,-2.9258764360493275
1.0,1.0,-0.4027842568043656,19.42850584668262
0.7713282102574233,0.24645891432948508,0.7591110462705424,3.722529595488368
1.0,-1.0,-0.07133065805467043,-8.555993783733971
0.18567394233442758,0.017813462642179978,0.5267976242794925,0.5247454494921736
0.10459992323135237,1.0,-0.8744284734075118,8.689499047872307
-0.3481156420434286,-0.3319506566618333,1.0,0.13356198489934806
-0.31980608830137314,0.021127182899252528,0.30941146275032305,-0.16542753947286643
-1.0,1.0,-1.0,21.678130917571664
-0.2105187162417066,0.2787873903387843,0.8079748988171922,0.42131459780386593
0.23081914734381503,-0.42401830327433654,0.9578462573473627,-2.043074991112288
-1.0,-1.0,-0.26437984707984175,6.5726576098365666
-0.10401325856017851,-0.6359881920711525,-1.0,-6.192174987965853
0.7809630571501904,0.5921230884304916,-0.6847965706754653,2.300957895860254
1.0,-0.5507390431681531,0.12799185331696306,2.7597367586415924
-0.1112883432579177,0.09967633116722663,1.0,0.49919513087690076
-0.3043005699270094,1.0,-1.0,1.6223361856980651
0.6622512563257017,1.0,-0.2403538428440013,9.066942653435035
-0.5135154119636944,-0.6248568753382924,-0.7892822264937034,-0.3943867367883671
-0.5558724663422321,-0.5000589161468354,0.38938297856851856,1.0904792175057776
-1.0,-0.2258353890585012,-0.2582908973165321,-3.5905666203110873
1.0,-0.5096990351236237,-1.0,1.9624059659622595
0.06557194683168577,-0.7529455031926633,-0.38365798983975186,1.7134200944619338
-0.36820888922299977,0.10070023636211833,0.5324046227235788,-0.6165145658400103
-0.47609239355375177,-1.0,-0.1816496155561973,3.080181816814245
-0.7029180573883844,-0.14179785390070498,0.05699405820118719,-1.159779507015206
-1.0,-0.346095375796041,0.9904911196836379,6.706664787185527
1.0,-1.0,0.01598675144411077,-7.9312397584178065
-0.6806505918174228,-1.0,-1.0,-6.924877616331079
0.8637741782102921,1.0,0.20709808684654374,10.108704913929422
-0.18176905917638786,1.0,0.4826553668532769,7.695260101909118
0.6940754191196501,-0.08233500680285921,0.2553826298066504,1.3844528170031216
1.0,-0.18471051247806658,0.38609799693265034,5.492699121387937
-0.6312939703492038,-0.833885830835855,-0.49159277939249235,2.2718030240260076
-0.39970173178366686,1.0,-0.13947512632554293,7.589556160604666
-0.39239877360637543,0.23187943583291748,1.0,1.7861703783667477
0.8699742572369484,-0.6530552736010398,-0.6508585780649745,0.8365824580931231
-0.9537245975340485,0.40276166322930207,-1.0,13.502483260623666
0.22065089786408065,0.677306061514662,-0.6434220969584998,0.7452214619089861
1.0,0.8386092845851585,1.0,26.382286551233403
-0.9766612148524201,0.4359906892046439,0.07345771363922737,-3.5424171155770696
-0.15753010163223302,-0.13475991972164092,0.4630522162836994,0.6462382961683583
-0.24808477670000362,0.4808130516584854,1.0,3.919384100785491
1.0,-0.8457803230964787,0.24519592830596793,-0.7346664274978971
0.22448061022823018,-1.0,0.3413301995302136,1.400205229236756
0.8998087087876847,-0.1341670747563808,-0.599307659830665,2.874610061176511
0.6340599833043354,-0.981910628827019,-0.025666026176288437,-1.8644130598284168
-0.8809919168695062,-1.0,-0.31387181480071824,5.431772705238547
-0.08871058017740596,0.262339426574802,0.45177455002170097,-0.29958335797015445
1.0,-1.0,1.0,-9.428592587314695
-1.0,0.7440102105416286,0.26679753317550703,-1.6337406691695433
-0.8390636555820101,-1.0,0.492173204310689,9.016489424349324
-0.3216720157177648,0.8921065632366583,-0.8035310469202699,-0.2543109134389765
1.0,-1.0,1.0,-9.37630811605582
-1.0,0.7869544492689475,0.629096596377537,-2.534054508847425
-1.0,-1.0,1.0,22.452253566116074
0.5277345424064204,-0.16289994945438258,0.1613963066180215,1.114183040673805
-0.3252564693304645,1.0,0.19329823819846004,7.4209912075591316
-1.0,-0.09670429219305188,-1.0,9.641334529082254
-0.930753589915174,-0.10601433593530141,-0.385344549912533,-0.8593316091258084
-0.7156697514191563,0.8556326326517445,-0.1747857271254858,0.9571537723179423
-0.03708485752003665,1.0,-0.27720867481342304,9.113756059530195
0.3172356387387345,-1.0,0.4756540238873552,0.46762703691565033
-0.2353898914043957,0.5423443797190535,-1.0,-3.916933024648952
-0.3342597850214992,0.07213505986707136,0.8529260944099695,0.41120734169690026
-1.0,-0.9787511467049177,1.0,21.864543744393647
-0.6199472849980496,0.5590357046287511,-1.0,-2.1921439603796644
-0.5381489961022963,-0.9478853711963964,0.1332089648719179,4.205161838527635
-0.4026417263451696,1.0,1.0,15.082917938307252
-0.6951150993542903,0.6359431184402664,0.09786911402707243,-2.731580989569455
-1.0,0.5705557327290334,0.7793495349053772,-2.6992908725323304
-0.5908886991644953,-1.0,0.29441997500580075,3.617048528849138
0.354827124864427,0.4620793127605882,-0.31168740807652906,1.0774702903820366
0.37925852730235476,1.0,-0.2035767170099656,7.993995169861765
0.9657683838895241,-1.0,-0.9553056457984446,-25.78210390469355
0.3140112977460232,0.9690056525979616,0.13556909078278312,6.806508843496233
0.2527802219807149,0.28937817039973446,0.12501865670058576,0.9488666460689352
-1.0,-0.33177393461171967,0.21385890945207264,-2.573603119394617
-1.0,-0.3192121432406856,-0.2857979089081695,-2.073224418917288
-1.0,0.6114686177160913,-0.6381932842003508,4.225971547699978
-1.0,-0.1172250008993283,-1.0,9.890855590344202
-1.0,0.9139647659358328,0.794994221704445,1.1834765501383264
-0.38868139288146275,-1.0,-1.0,-13.516999271611153
-1.0,-0.02633335838723716,1.0,3.744253511105122
0.10283758112452834,-0.3563627867734389,-0.12310146681151624,0.9161264049872346
-0.333166269209062,1.0,-1.0,1.4286164792258795
0.3130291213425189,-0.25093996532629936,0.9435798564974518,-1.1543940628402374
-1.0,0.6574984499133578,-1.0,18.90619273304172
-0.09472464597368768,1.0,-0.2467882652845148,7.846254520908162
0.5000577844243395,-0.07497265118183782,0.005622304519476096,2.3018123026279222
0.21802453030395896,-0.6972312617362679,0.008700313270779025,1.4913742342394556
-0.8629642123265469,-0.0016846277892563766,-0.11050073200504884,-2.186051408058573
0.24365007814797401,-0.17659381473249036,1.0,-1.523004964566311
0.16239028902050068,-0.2721475303407086,-0.7560374939815513,0.8117549195442995
-0.9919661042033274,-1.0,-0.4440770953181039,5.191522819038556
0.3262238832364861,1.0,-0.2270773480978241,9.204200023845386
-1.0,0.29039668157805076,-0.884112753842409,8.475768481626085
1.0,1.0,0.6773882703753742,16.092332983292575
1.0,-1.0,0.3052742852814636,-7.672401471887574
0.24425544724207615,-0.6400202247336275,-0.07670764981590938,1.4151836163074134
-0.12047661036187018,-0.9749019808063044,0.033521450753583704,3.760405090824757
0.5204938504012377,0.486237876739964,-1.0,-1.867515338622452
0.2508905717774985,-0.7791763106151464,-0.8765215220453828,-5.246751298925022
-0.026724957493024837,-0.9332683486691276,0.33734778192154535,1.5179442954301094
-1.0,0.08702210065352234,-1.0,12.112645034084705
-0.08875158345428646,-0.3229965769900074,1.0,-1.1785169629636223
-0.13679970785814977,0.1501222486830276,1.0,1.2439082126609775
-0.15047212898562123,0.48678703421933966,-1.0,-2.9381048809215473
0.5486999369018524,0.7049531625589116,-1.0,-2.3295203249572367
-0.7936219256274606,0.15243110395592963,1.0,2.7941545549873053
-0.17645334214106811,0.25333873365673965,0.5753784020268851,-0.19964262477317063
0.1724722678324948,0.41629102100539805,1.0,1.9190201095829518
0.4201025566532235,0.11273113637937371,-1.0,-2.9194961207126227
0.17815534785585063,-0.5301039313484195,-1.0,-6.617975907906097
-0.7637191876120617,0.7082225043178474,0.2563100235015954,-2.6805923308985284
0.28665882144085697,0.3900921985919741,-0.33960028152168786,1.3427033607562084
0.9542245010543235,-0.10062697586670999,1.0,8.475764051379242
-0.29863935864192115,-0.47095150362823346,0.08048248462249963,-0.04414995332649041
-0.8855776805918361,0.4148442837610007,-0.005195726832390557,-3.597081672776434
0.6034023301452911,0.03843709851106558,-0.06290644679961721,1.5218910412923667
0.9691920077676519,0.5658218794280074,0.24158304653545337,7.590446471164422
1.0,0.2690181660196611,0.5625447482168202,8.490023038608914
0.7704096839090901,-1.0,0.9295686192958819,-5.654704264960787
0.06676897247145352,-0.11545475593100285,0.29102445554774325,1.0563987299280293
1.0,-0.057571063036130576,1.0,11.304439949972213
1.0,-0.2613760708258335,-0.1932413110424933,4.246089710131146
0.5392431404176348,-0.7369540404445318,-0.2864166540237567,1.292037440631046
-0.33441347138384314,1.0,1.0,15.91959976582985
-0.41161470910798204,0.03824765832762256,0.9128884888040336,0.6603250599328562
-0.3297549824950319,-0.22145976622600205,0.5152135615173385,-0.15732290095816337
0.4127445713812705,1.0,0.23239659537748025,7.055876138154044
-0.6639843389536024,-1.0,1.0,0.5085705861578123
0.29364478324618504,1.0,0.22771014928591082,6.884818236337187
1.0,0.8377553992298274,-0.9858579811395978,21.167219342741905
1.0,0.10728406747740071,0.6510566396547,8.80448845571215
-0.06225243957194415,-0.5988794401733168,-0.4467294363982266,0.7635654687434088
1.0,0.14189090530214177,-1.0,9.008766263033465
0.0277979652769742,0.31806236741677907,-0.5476302373745658,0.1784043777436573
0.5797079046955713,1.0,0.5004027516960499,6.763836291979207
0.403528794610841,0.9619303546664943,-0.5660395301706136,7.544474089641092
1.0,0.23640715511045451,-0.07570618028208553,4.740940536037537
1.0,0.7812151702716368,-0.23978450813358854,7.349645808083144
-0.41129817041174244,1.0,0.20589131149989348,6.172015776393326
0.5563357796968,-0.518313690336891,-0.14570126317984977,1.072636335952442
-1.0,0.9862327762148795,-0.1289590760373165,7.783653425501565
-0.5138925025339829,-0.5434291915493237,-1.0,-3.0745157037914232
-0.026304311398148705,-0.9007988962576197,-0.6384073316944132,-0.30126118061212087
0.7084944453112494,0.0982712973936608,1.0,3.0566089695262058
-0.7185283443792387,4.9574731200596744e-05,0.5224202884314462,-0.45848406277611564
-0.4072223035549216,-0.9784618553647373,-1.0,-11.918111363322225
1.0,1.0,-1.0,39.61915348844393
-0.01979551719799466,-0.0005749832948558353,-1.0,-3.1912549879623415
-0.23484300512017708,1.0,-0.41278302921676047,7.590898533666415
-0.1872978492879891,1.0,-1.0,2.708152539906415
-0.4213100996410277,0.4728994075585484,0.3589536224082759,-1.7761830603403328
1.0,-0.6604915134504132,0.24989405224691152,2.470524885542193
0.26693812687616725,0.1419466575930599,-1.0,-2.788609485869649
1.0,0.3086858841855511,0.12341458430335739,6.129874098902315
0.44287712697538506,-0.2743528444369059,-1.0,-4.298385277501442
-0.7673974499906182,0.1398808456163989,0.6049166537365736,-1.961854079512594
0.1852132516436642,-0.8837006066708213,-0.469168481901062,1.2665126505157762
0.41069857457271164,0.33136667544256504,1.0,2.5985622621745694
1.0,-0.0036082379032404965,0.971539944420982,12.298370334727602
-0.18480533983566594,-0.42633949819102357,-0.23212341792459412,1.2957193045714035
-1.0,-0.6599506194754787,-0.4876095606462898,0.8206378460910292
1.0,-1.0,-0.09620020497641879,-8.951451173707696
-0.23961981004822008,-0.3646475637370896,-0.5041019292913091,0.9514938038337359
1.0,1.0,0.3542332920585709,13.312255542149126
1.0,-0.24047594514303738,0.4806032529605122,6.1107119134018095
-0.568735562379745,-0.9155005289811027,-0.7649903518506089,-1.1819897045743395
1.0,-1.0,-0.5423849652899264,-11.790532825154612
0.4967952741727166,-1.0,0.18699746062475153,-0.09778160353807341
0.7520445538337825,-0.7362452132036763,-0.3108119505259115,1.595569201572835
-0.7820315416072048,0.6122363497196839,0.8301312798656513,0.4918888440003525
1.0,-0.5324799676562009,-0.7041138370642503,5.2831670566908135
-0.9124770279551431,-0.9335342577471597,0.38211088287182404,8.249168112328793
-0.23344129885890097,-0.44704940171523044,0.6357801294362597,0.18331461654106168
1.0,0.493150820219838,0.09232494672331404,7.297349538509051
0.3968340737413367,0.09637567868867536,0.19447667047127992,1.2722212041959413
-0.22646740914462327,1.0,0.6570553729069895,8.710320155709997
-0.5007596638311069,1.0,0.00530636750094704,6.126046607283555
-0.22454685743077119,-0.8635369452024533,1.0,-2.4804570681078086
0.7029722599325501,-0.06031660650321391,-0.9193899789145508,0.09949246646041543
0.3774324261794362,0.4564535259321407,-0.4302501942157504,0.9249125521327419
-1.0,-0.6063747737300329,-1.0,5.498234681616195
-0.2803020215170682,-0.12664327322314262,-1.0,-2.6583930778999187
-0.32075412542224524,1.0,0.5595577624884933,7.850188305962892
-0.9469856308823243,-1.0,1.0,16.518206980729666
0.29006533897410436,0.5634392247782967,-0.5747712573019381,0.810647086775927
1.0,0.8020581229898789,-0.3980964695299978,7.790709365456859
0.16460249374707314,-1.0,0.648856333500224,-0.16386363535723558
0.6753457531558325,-0.3124511780276302,1.0,-1.4071484461224348
0.8450331472439438,-0.43072896570710806,0.507914335322692,1.9604477549998034
-1.0,0.9791446892087754,0.8226595033294759,3.591530044248942
0.573678307534027,-0.7986894023378042,0.8510411336291062,-1.1701446056472706
0.14294348413645985,1.0,-0.27335034417980775,9.350953109935702
-0.14313087704307237,-0.7348809014544495,0.14357258059655797,1.6052816001272991
-1.0,0.13176078911507738,0.288657039402737,-3.9948210724392017
0.929965999924877,-1.0,-0.23986358347055892,-7.242077746237824
-1.0,-0.311955102291001,0.08190382511762273,-3.344541774140847
1.0,0.558129419833161,-0.06417153367909645,6.313476276545682
-1.0,0.1030722638475643,1.0,2.561882639949376
1.0,-0.26151011606097785,1.0,7.845940818871408
-0.5789930533548389,-0.46150376057948006,-0.9285075294631888,0.168393081006032
1.0,-0.7014695532214783,0.005098019928833519,2.5134101428740303
0.4358341924298481,-0.29490885119201415,0.30749599816178286,1.2813966444345841
0.1537653926793403,-1.0,0.6434660852448293,-0.024168344377008155
-0.8926081666397065,0.06362941902408514,0.6267182192920293,-2.8350116461371426
-0.6149890907487034,0.26202155025988616,0.6328495166481412,-0.8549258572422999
1.0,-1.0,1.0,-9.869355285108982
0.6213825184695794,-0.1178647952060794,0.3598230258114523,1.5245796538274892
-0.5950798240397555,0.8696440734539397,-0.29662047205188435,1.1436016899683472
-0.6717334181893517,0.13385425322599764,0.02982698717002541,-1.6884945862562692
0.07691807753124369,1.0,0.7335654296361389,8.604890492880738
0.06968966181400482,-0.501500015225874,-0.6199509366028766,-0.772873232638917
1.0,0.8218994706220981,0.19509062263864796,9.338308930899972
0.2970417561895713,0.3568512537022741,0.847679215752448,0.6774284433342663
0.12565003855073775,0.3244469555513194,0.7386424810125232,0.4853837713421296
-0.6333589262401402,-1.0,1.0,0.29163266136325555
0.38424077564921655,-1.0,1.0,-6.226576597571318
-0.8134686705344003,1.0,-0.7942763127670804,4.29204360397975
0.252981664430046,1.0,-0.11916136964054447,8.59515383076142
0.028323213660155222,-0.318354113675126,-1.0,-3.7547042672671327
-0.000696252680734144,-1.0,0.9876768218342791,-6.51219939324836
0.03267405835962278,-0.481832971585185,-0.22826549287249764,1.0237284662781458
1.0,1.0,0.7037934549766418,16.969552651380976
0.09016520038238118,0.46461831070366655,-0.4982351135921437,0.11379850246493223
1.0,-0.7024230708809451,-1.0,-3.577936827920247
0.6699352364916773,1.0,-1.0,11.319321350450728
-1.0,-0.8943241666018744,-0.9739001622402297,4.546196490869603
-0.49347035494701763,0.3923926560196236,-0.014959509809175708,-1.220109062067149
-0.07825440355389057,-1.0,0.05792665180917944,2.4623892799548988
-1.0,-0.3362904220503502,-0.36014088460663785,-1.6156137725136197
-0.955570442825264,1.0,0.2035112752101087,4.021285446035023
-0.46210619206645753,1.0,1.0,15.346745653157114
0.3955487085839273,-1.0,0.4955004175513953,0.5193910366942209
-0.319175194041176,-0.10528893933951111,-0.42862780293614744,0.0021927287518027083
-0.22537799311822715,0.2614480611071337,0.647709729938875,-0.9769857725577341
0.6432611336952048,0.5409868780768559,-0.49481789022012834,0.3065011588433426
1.0,0.2844770610281453,-0.39419788382921284,5.195426613378716
0.6333140210313202,1.0,-1.0,9.905118052613814
0.7524973656019016,0.6884542115125367,1.0,11.115885944932737
1.0,0.8286927104869872,-0.7478176830673493,13.14522613756472
0.012011210490747715,0.33986510672373216,-0.9298733151457694,-2.6277999852542444
-0.8990754874417517,0.6844498527949086,0.30955237638320776,-3.3418387072650875
0.22058712702089545,-0.5762077706388029,0.7136481457257842,0.1980588971410227
-1.0,1.0,-1.0,22.282116781490572
0.3318653856233007,0.23631058466973687,1.0,0.6819688648972453
-0.09109406343222615,-0.6533471795357517,-0.07429336750844384,1.7449289404428754
-1.0,-1.0,-1.0,4.3161027527618465
0.655868124920846,0.47596417548795733,-1.0,-0.6901919937722032
0.08372686539320595,0.7643683275237867,-0.3342251891878856,1.5763684289715416
0.5236152715976405,0.14340197027572743,1.0,0.6143584206387188
0.6028145558240476,-1.0,0.15152478299191463,-1.2120926465414616
0.2932247164583195,-0.7197042046121975,-0.0759415846235032,1.324917307705183
-0.18695967389231316,-0.9160387500519085,-0.9380549393616331,-8.101099188313633
1.0,-1.0,-1.0,-29.51082557710828
-0.9454675041561016,-0.0846229075957623,0.11395914793517026,-3.3957713750657943
0.29361849814638186,-0.7296008490041446,-0.8459377166527366,-2.845595356987466
0.8652927316623069,0.4757827715102432,0.1818474468216058,3.8880414164016575
-0.04559707519041911,0.5604123740912133,-0.8044569170938705,-0.9170944876453069
-0.5639297162886485,-0.6449578005027636,-0.4916916581155897,1.5673652280507928
0.9220336716437614,-0.6106695290023267,-0.3350870853780832,1.885334418652998
-1.0,0.09012437957464847,0.14368291497916852,-4.925523768841857
0.3011348416408972,1.0,-0.01932813542348244,7.668235139669042
0.18922157062978884,-1.0,0.23887178400442632,2.080990050502445
1.0,0.4677447940326416,-0.2725011327466049,5.143584644075368
-0.3437684981555813,0.021227624763603403,1.0,0.8876876704624292
0.44486825266143937,-0.28240902967156045,0.09143522702711393,1.095820867576333
0.9100439443899333,-0.5152988039278834,0.4920747513482995,3.3952085983334204
0.22450187343115302,0.7985209506457578,1.0,6.450294494793635
-0.1836693057508001,0.23543987269156785,-1.0,-3.946413195863866
0.5342362961774683,0.5376009008724607,-0.8842677569208364,-0.27375407439244603
-1.0,0.5706647056942598,0.576152627565578,-3.7024845993361732
1.0,-0.5917763168368764,0.15347612143690448,3.575297037705547
-0.7848185856648702,1.0,0.9937129314115765,15.601384999081153
1.0,-0.7646732777609448,-1.0,-5.34762850639658
-0.09226468342199845,-0.39360984169984814,-0.23680832806707786,0.7418756521423342
-0.9451699844229577,0.4216174186728934,0.39544029056312135,-4.4261910435978775
-1.0,0.6081052948456918,0.002539908820826664,-1.9283446253229146
-0.41975037920851666,0.5177937020178993,0.0903004029319685,-1.3994905654114176
0.7853814726808606,-0.8605275182590808,-0.5125611070553915,-1.7809413999637522
0.7771805917653369,-1.0,0.700026590946158,-3.0111768995676234
0.6042247598252983,0.5161198561710834,-1.0,-0.9708239894490583
-0.20141797019329166,-0.1504530222641114,0.07781639126157636,0.6636377709296306
0.49232357303886154,-1.0,0.04696911339919252,0.6448380474522284
0.7710787005600801,-0.3852791153204649,-0.4739049363405925,1.5895597809622506
-1.0,0.9683229777504081,1.0,17.33003558674748
0.27607409965964114,0.6294769958508606,-1.0,-3.939643941501515
0.6769105146671281,-1.0,1.0,-6.843814587992998
0.5209225079101458,-0.8579400711173397,1.0,-4.729496384375214
1.0,0.14325190577443303,-0.23178641716680848,4.23101751842754
-0.2948515171884356,-0.2867985747366639,-0.787149083042787,0.7581902450115066
0.2709821587632595,1.0,0.8909774903165268,9.360381526641124
0.029027172396990597,-1.0,-1.0,-17.636483554510146
-1.0,0.6199873885274831,0.9954493649107437,6.540221489613137
0.08629311458914013,-0.06190590309836308,1.0,-0.1066836477339714
-0.6586810255304989,-0.4011606006833546,-0.10231421443094124,0.16219211379738346
0.33126638897062133,-0.006082915874234152,1.0,-1.34889146292524
-0.06427862413880825,0.27491766745529134,-1.0,-3.239203175607094
0.535728941207898,0.09307553404205904,0.49074997805871456,1.353605857217606
-0.2836211602479515,-0.8379679809558889,0.6426418685569149,0.06647696027557637
-0.2591898578861562,-0.38488117004124267,-0.21843264901733073,0.6775428042504643
-0.3261509673526761,0.5705646541672265,0.8691611939131401,1.25348052777295
0.21135649775251775,0.9599516467588487,-0.9849174449005698,1.9961982489767327
-0.15354071325988117,0.367064823920247,0.13447352137526591,0.3073856770514564
0.7642745302211891,0.06553353964780206,-1.0,0.13072929041536596
-0.23692446240070542,-1.0,-0.42053959368458127,1.8474433469450782
-0.5701298075735199,-0.05927200759554596,-0.6877976270045674,0.12973689272446293
0.6066191167200659,1.0,-0.03024726358477947,8.31406497000423
-0.321491143034907,-0.5955884137284009,-0.6692608086106164,0.19714319185399162
-0.20010990562446884,0.24516292614075907,-0.633004145694966,0.05722625594484644
0.24857710022770552,0.2682965352690079,0.8182114517197994,1.306838822556927
-0.5042568658286852,-0.06533525711567423,0.6429740802953838,-0.22313370471886343
0.5172928519174806,0.19766023655275866,-0.6062702463028924,1.617301627069348
0.19476227695587078,-1.0,0.7602766082878358,-2.545109169674234
0.3763092797794072,0.29300689959568516,0.1296161582529769,1.0364800843250834
0.9926919428276963,-1.0,0.5990205548710716,-5.7148992944007375
1.0,0.33739368451716567,0.14650152745405887,5.734253773226827
1.0,-0.25970802542876825,1.0,8.122291709161543
0.7024558619757311,1.0,0.21993966783420538,7.200526555108523
-0.2964500433410373,-1.0,-0.697718415714476,-2.3996625674768515
0.7365329487577132,-0.6336988160179764,0.8736097658047455,-0.7643099591698219
0.017972278664675878,-0.8995217314649084,1.0,-4.077977407764029
0.7859254421370907,0.0951280784424291,-0.532693277168367,2.393578256216289
0.6784074434724896,-0.9134012786208232,-0.11734256072829052,-0.33562310929168543
0.6185071911843183,-0.8319574629668496,-0.9316516928065022,-8.959614156658551
1.0,-0.5454160323743678,-1.0,0.8043216720026433
0.8004260821959353,1.0,0.6205661931152975,8.867922422474118
0.39157542376818855,-0.08889797411515943,1.0,-1.4698897989104254
0.0660103239670462,0.304170590741484,0.13410281522860812,0.8032855033660741
-0.8766041553295318,-1.0,-1.0,-1.005431638705854
1.0,-0.428368602353822,0.36290918062637023,4.814276570113312
1.0,0.6118099227587526,-0.44733913190593455,6.071214586163169
0.2106593992718866,-0.9005020502520085,-1.0,-13.37175456782134
0.7448753945611888,-0.3537458513011009,1.0,-0.8012373912445818
0.8051337077910374,-0.4970973066938973,0.3357431661875554,2.6504832420323656
-0.4892665874783393,0.5787947672814768,-0.18160553954054537,-1.4914002225892533
0.6308074278417084,-1.0,0.37054759761617984,-0.7887381931587814
0.4262525384765936,0.5974172197209355,-0.336570025417978,1.7150395350756429
-0.4620441197373011,-0.28043661539142795,1.0,1.4235476485008656
0.07576076631158535,0.6553275201636246,-0.8664297432082291,-0.8644224345564586
0.07642288598724556,-0.3900662113049944,-0.5955847502683245,0.2392792458750843
0.15154889032417151,-0.17764453023824434,-0.4790194213253076,0.7110874430452692
-0.9067800055288437,-0.30349050853222215,0.18749222407362898,-1.510927870836198
-0.9035430927204766,1.0,0.43894124621910335,2.626536472456752
1.0,0.3630833444450319,0.8756240342496391,14.83342348444536
0.4877184214780055,1.0,0.41617125273557054,7.3702270176720885
-1.0,1.0,-1.0,20.890288315872198
1.0,-0.8162113416948005,1.0,-1.1858374070827178
-0.07360023927604686,-1.0,-0.7550982603604799,-5.8928793862197715
0.2763957843112901,0.7955339979121037,-0.16468432041082948,1.340126946089407
0.8112343105439326,-0.2677489848599479,-0.1682687612817384,1.7979208930942223
-1.0,-1.0,0.49022718746274263,12.495884217846461
-0.2632667401882727,-0.7380637821711113,-0.4753828452821962,1.4557661294100308
0.19586241859516296,-0.43453545033775387,-1.0,-6.186425074087944
0.5060241236032759,1.0,-0.7896742144807791,11.2626056507346
-0.4781589134179338,1.0,-0.5342582894995158,6.467117015027348
-1.0,-0.8796326994425847,-0.11470155501718327,5.4333536933812
1.0,0.5016458853400598,0.4019120125907314,8.25570751685658
-0.04585365597504265,1.0,-0.14957197837607028,7.704724995113327
-0.006994206945359238,-0.2976150280472638,0.30158738307230304,-0.10008358823227137
0.5266088643217706,1.0,-1.0,7.291121337923174
1.0,0.41884864275750844,1.0,19.85193312187037
-0.419833149440042,0.03655583227752146,-0.6102446028372805,0.19134915647180134
1.0,0.9995524664080289,-0.9320215271039807,35.23902523306785
0.2406127271559637,1.0,0.8164896462253772,8.952156839344655
1.0,0.23880363511979064,0.6904759485146681,9.700348997371462
-0.3055944278166822,-1.0,-1.0,-15.008677475930616
-0.5999434996150124,-1.0,-0.7999838061980691,-3.646433917463192
-0.37059945323885346,-1.0,0.4595756697825659,3.279903804815579
0.9748754272145439,0.8639897926243452,-0.4779723205864508,10.634375262096851
0.48163374389875213,-1.0,0.13830343997891492,0.37483570277415335
1.0,1.0,0.7186367806684326,17.29402597591345
-1.0,-0.11533993108508489,-0.09453911167409679,-4.414978120490822
-0.565858196617191,0.921958307298512,0.9492702102906605,9.823163061513755
-0.9366749898929494,-0.7394597508499745,0.6561144782556363,5.293947119646747
0.020963151687514836,-0.7627789616800609,-0.0311375723315519,1.021209876668072
0.3508667597864228,-1.0,0.10013809999606571,0.567221753124233
-0.4143445476744052,-1.0,-0.23878797392490725,2.954567524861399
-0.2949389069548436,0.9716631631141526,-1.0,0.3945970785058802
-1.0,0.08092143349719816,1.0,3.5783893359435575
0.9765130670178794,0.18661164801715757,-0.7418470785920188,5.539204668261321
-0.5640308840675805,-0.3796091249930744,-0.6028697710882129,0.6526214538253075
1.0,-0.3019289920521997,0.22076202961179692,3.8486884917188076
-1.0,0.9333274607750772,0.3185560524928237,2.0258543447303676
1.0,0.19371331188702356,0.6009873612239767,8.078190856754732
-0.15649785957994866,-0.6909083025611331,-1.0,-7.271373658817785
-0.015859033061074612,-0.9200715466426097,0.6864405330661998,-0.17093470409588596
0.9247726695608383,0.8965670371189922,0.48722374071786634,8.998047663630988
-0.6075383425050225,0.6319863908701866,0.5688374271979428,-1.7913462664835604
-0.7553915416090744,0.21753061584621958,-1.0,2.8648291205458154
1.0,0.11365645518423495,1.0,14.28942604990799
-0.3994379220929747,-0.7089976162301141,-0.48392182880772094,1.5836295068767299
0.8705106459298471,-0.4528805571952035,1.0,1.7842248135133882
0.013594880696092826,-0.4096812139202941,-0.715655376604593,0.3739191575034538
0.4346282681253708,0.003495783504271488,0.01410386956951104,1.4044751690911321
-0.6460398486829817,-0.07866550188974841,1.0,1.977749306540138
-0.5746379971243318,1.0,-0.20565871599860097,5.506883246861451
-0.20798119968904993,-0.33881957362871273,0.4593150834451074,-0.40890898408871346
-1.0,0.39921403146354373,1.0,3.913711369340033
0.033924255184761165,-0.037947711393259365,-0.1015970689083876,0.9867031198905765
0.8104848871485404,-1.0,-0.5712017709142412,-7.6952352185312565
-0.8156800884512865,-1.0,-1.0,-3.4728979981717214
-1.0,0.7661097176259606,0.34867803561811916,-2.4270284496056296
0.34635919965866524,-0.06540480653575398,-0.24308027768987905,1.6130723778420708
0.2372092388006235,0.023832461283040507,-0.28840565633346227,1.206494774196746
0.11657689248764247,1.0,-0.4252582528911111,10.131253543198383
1.0,-0.3462953748839883,-0.5259443474976049,5.749998632278679
0.4574725885790061,0.3115638656235611,0.9281115845009185,0.9605395588217642
-0.26798287951989996,0.28438396827138024,-0.42433363594179463,0.1647900252638422
0.6084426267722867,0.6058648119830019,-0.5303122023561151,0.9066496688608284
1.0,-0.04289865805950277,0.15278879925343025,5.1685499341258545
-0.4107815114045932,0.7617150851967902,-0.18521882552841973,-0.6850539849426874
0.07038642240529613,0.5763939600791601,-0.1382696789489033,0.6110570051824494
1.0,-0.07153234775702111,-0.15021579555261044,3.42440150713146
-1.0,-0.35904530133925694,1.0,6.134015581864715
0.47658987076016257,1.0,0.36265602461875024,6.835662658063236
-1.0,-1.0,0.9462612510754169,21.075922345545585
-1.0,-1.0,-0.10418000273618078,8.01028731051464
0.6324973994564533,-0.18061620614064822,1.0,-0.9368341544185546
0.4245366567449731,0.6707321357809173,-0.7692540719021137,1.1434016321850577
0.35517873855031734,-0.45935943464777274,0.16476471644684731,0.7366681102985737
-0.5173533582061354,0.04525454543916285,0.8550443935051231,-0.2892394304724699
0.5218910403794763,0.41239022968635664,1.0,3.2258608359943315
-0.37455582758974915,-0.1269202803858238,-0.695799148332775,1.2432874192941452
-1.0,0.48067228085324154,0.3453890082891262,-5.124586092627359
-1.0,0.8037326145856718,0.5237207631234606,-2.393759314842828
0.8786269691887807,-1.0,1.0,-7.460843432880348
-0.23415175255210952,0.6575153101145459,1.0,5.883181508420612
1.0,-0.6127629671879105,-0.2671348644037461,3.6439437992752675
0.5218847015119086,0.1624341841352499,-0.7706204088144399,0.7325234901805022
-1.0,0.05648561494448745,-0.010916636474545216,-3.971487297371538
-0.9477554138438344,-1.0,-0.8649585737952932,1.992370746149022
0.6503186464731328,-0.2252104210922945,-1.0,-3.3216904280286768
-0.4889344985918971,-0.619218979265616,-0.6001158244100204,0.5235453204240683
0.11533368402268951,-0.25865892838832627,0.5718599089283709,0.29335065415609973
-1.0,0.2574309930330996,0.788625171781995,-2.6799346670928634
-1.0,0.25009819951828227,0.5567441738445906,-3.8022747167464384
-0.40869784581538826,-0.4702963829233424,0.5635689482803636,0.003595635063301572
-0.6396637982136391,-0.5146620675738633,0.050942857090161775,0.9432765792194806
-0.3594707145260865,-0.9896703200437655,1.0,-4.02374362612269
0.14128666392108347,1.0,1.0,11.697195562180509
0.6707021855636066,0.19036654014287313,-0.6055809973645374,1.5137235393714332
0.40224780369960267,-0.5810422501458863,0.4927876745847226,0.2924207650397604
0.023763674658662026,1.0,0.6937962428989033,8.868793662256323
-1.0,-0.5810294095231405,-1.0,5.6176731680427405
-1.0,0.012139823942651118,0.09796030854268167,-4.539066189429009
-1.0,0.2488012778573614,-0.22560894133227127,-3.378954294054292
0.8407946424979105,0.0739646990062639,-1.0,1.3165937369306622
0.40513795507833916,1.0,-1.0,6.116986765092427
-0.06182121905810445,0.17170365616031624,0.07152152460950512,0.7075940131080878
0.9680737591473463,-1.0,0.07128410032330934,-7.339964972490847
0.6654562465526506,-0.7168421037516006,0.009755872364864748,0.5544915856458122
-0.21861567689110406,1.0,-0.5633236572727804,7.722026525153471
-0.998219968357553,-0.5414424628433081,0.11042145628767042,-0.8537398982654175
-1.0,1.0,-0.19859329170276085,10.53128727653893
-0.06763321964934033,0.43865897916031793,1.0,2.578740534906109
-0.972530603410503,-0.5800698948424905,-0.8138615172145884,2.3733014381552455
-0.05480141957825557,0.03884610601431415,0.8737927543516528,-0.29522873268489824
-1.0,-0.14433294894773252,0.2068632270428974,-4.244024757389993
-0.507598885982053,1.0,-1.0,0.6812328458066608
-0.8752748218647426,0.17976880242160154,1.0,2.8878553477114646
1.0,-0.030796528134784618,-0.4661346001214086,3.998663827403178
0.3567992061220815,-0.15868977416255214,-0.5722956470644771,1.0972766512975969
-0.2309079932441349,-0.1393365392106598,-0.2700337949285354,0.3877617430525703
0.10618261597170853,-0.950283963393485,0.046807945879433266,2.0304828598579325
1.0,0.4526708344046231,0.9870585134252681,20.747693818716616
-0.15974779309928455,-0.0028259663184746486,0.23876213649929623,0.6843541029116248
0.8166844469170604,0.386253203270539,-0.3751430374734641,2.5191696841920166
-0.9147297129447596,-0.117169306787825,-0.32775571512441926,-2.8716367431119694
1.0,0.714862531849489,0.9930167498446896,24.502046205029828
0.8954261201385769,-1.0,0.5145222971948986,-4.499550193847786
-1.0,-1.0,0.3705382670992514,10.639065819390286
0.16491073235833942,-0.5981166967990663,-1.0,-7.50250631777834
0.09028556907374585,0.48627944634497,0.8573021514200247,1.2729331410141675
-0.3696713208428848,-0.09365565660034969,-0.5347228430103115,0.21884151694354798
-0.3256884850392989,-0.11798015510437465,-1.0,-2.365791812087096
-0.896945625208887,0.2528139411819954,-0.4179552468136498,-1.8295374150188006
-0.18100201288847995,-0.9032655934972877,1.0,-3.603508302889956
-0.3989129828573348,0.8747201322523188,0.22118922633883664,2.3426795252690993
0.47939573931946233,0.7212253824234547,0.0381115750998664,1.6659625400819555
-0.6828563197673243,-0.3696173231748683,1.0,3.488680018800249
-0.15612112787180643,1.0,-0.1434345168980986,8.223270321024867
0.9078410361159022,0.22900568221556794,0.7939786187020164,7.593995761793431
-0.31373489685297185,-1.0,1.0,-4.542714128163301
1.0,0.10604694076236587,1.0,14.314383391392338
0.19503213629138116,0.941695394064437,-0.639417555612402,7.551237178866393
0.06686404236749866,-0.11650190889648471,-0.20350971208124857,1.1294066504472453
-0.03540047019370607,0.11372375456360162,0.8171148318096693,-0.16582363952724163
0.4659212362096028,-0.6342113211496738,1.0,-3.9627009644925284
0.07529722233592828,-0.04029104949902984,-0.767905747144674,0.04729175414874426
0.22170169066074497,0.5002770692436738,-0.20213912742106,1.2808336467767039
0.47395164416943447,0.012640140876332584,0.6834696779291443,1.4082544979312717
0.5462373280162771,-0.471493801315076,-0.668785789019501,0.02632284465672874
-0.5670314399768677,-0.5073331207338716,1.0,1.6645420375087274
1.0,0.9348068012193713,0.4324431265934152,12.306326011159802
-0.2199432740691023,-1.0,0.3508688636673225,3.0236628552268416
0.024157558086129072,0.6893920940324181,0.44274912299794056,0.4084839754612587
0.36474847609658356,-0.43606344418522713,-0.06924488281349417,1.7682315202130088
-0.9556777154395482,0.6274131085596208,-0.3760963029605131,0.35483639742887463
-0.34618470191810635,0.5619874369165989,1.0,3.9890523009626033
-0.6039030991389731,1.0,-1.0,1.530225814627644
-0.11705704997218547,-0.12765761640736106,0.15891552606773152,0.20685587174217263
1.0,-0.6177949612398599,0.8505522305531272,4.624956599850512
1.0,0.9639132439916556,-1.0,33.30393246966257
0.3781031247622073,-0.6731678839083497,1.0,-3.888298465310295
0.42151719253779296,-0.9276401745306866,-1.0,-16.171513949490624
-0.05401853205573581,-0.00203635134258473,0.8981997022687689,-0.4964058401034527
-0.7550924060914488,0.356518978989244,1.0,2.8467528808872493
-0.5124257184697205,0.04240061199024625,1.0,1.4422844061901396
0.9915737209685651,-0.26602249780106146,-0.12391438225090234,3.995152947949694
-0.03051467774428618,-0.16658533630287375,-0.31751450683385674,1.0612284621184047
0.0900614621305198,-0.1777688740186092,1.0,-0.6222525966429386
-0.1792263013385813,-0.15797700519085334,0.6875233806094054,0.05044707351114972
-0.5405974983536197,-0.5155247202363835,0.05182982546291548,0.7696664730394356
-0.2289230467696337,-0.2176586291030731,-1.0,-3.523392518841988
-0.11639226845115203,-1.0,0.25081298275859987,1.852039797100332
0.23672774699593302,0.34373074958874117,-1.0,-3.101125943899025
0.2730388673255981,0.30321672364619023,-0.3786812042374583,-0.12289452640235121
0.5795344413984278,-0.1264724689884562,0.45899190713222593,1.6546208640740927
-0.5345772545354679,0.9820189150800118,0.2056053600515204,4.6443513500985
-0.6435585325866031,1.0,1.0,16.28808134914524
0.9487490269595555,0.5406510662128008,0.09016528245000988,5.606936071804865
0.11238035929318291,-0.7849853641894191,0.6886538224238594,-0.1442332299017682
1.0,-0.12455695995255467,-0.09190486660957853,5.051247274317714
0.4017301515886784,0.46948174144973365,-0.15807883927365163,0.5677879645132397
-0.4485855270473553,-0.302173124308202,-1.0,-1.4400024937178384
1.0,0.5341232473474595,-0.1649687531231112,6.179710278483953
-1.0,-0.021651467116398537,-0.2229413017496451,-4.060931926410442
0.2145361115073381,-0.3846118030632817,-0.9077038077370383,-1.08212675837432
-1.0,0.4549864851968266,1.0,4.94533293350114
-0.9397605205189339,0.3790399236701931,-1.0,11.790940917193776
-0.8982670240696053,-0.9184332521526748,0.23274206316929358,6.150115408025751
-0.5983371156028516,0.3624324751433792,0.1836404693435656,-1.5458562761818349
1.0,-0.7526610105127374,0.36757779849375316,0.9232351333813567
-0.7986936092171422,0.9551184299394955,0.7758345361368557,4.634266139223463
-0.07381588141779272,1.0,0.38862701142880174,7.533025219453786
-0.18810284978176806,0.5076151234315238,-1.0,-4.068451099070345
-0.523838107418295,1.0,-0.8714452549867959,2.295294761134617
1.0,0.724946288610187,-1.0,16.100185999478622
-0.048469291855436136,1.0,-0.25196694872384406,8.47299316717969
0.9822207313342384,0.33310326133078205,-0.11712107071710687,5.642331224367604
0.17227476925155938,-1.0,0.6240530499073913,-0.9652285848993577
1.0,0.06943183862921742,-0.46804967141132514,4.630100706301887
-0.9912344658996317,0.3844391466503081,-0.018147779318838264,-4.247580480566657
-1.0,-0.478588635919555,-0.6947888017965154,0.5735594606146026
-0.07201670048489062,-1.0,-0.19580665195814073,2.4825676465863467
-0.18703088629799458,0.10276760870278578,0.5203672127306815,-0.17388915236250935
1.0,-0.4200202305963574,-0.6217304879973753,5.3574791565601885
0.29254788764531425,1.0,0.03370184335477178,8.136720481589316
-1.0,-0.06007021858950967,-0.25229900072651823,-3.6642469668552526
1.0,0.8977416914618097,1.0,26.910737703209207
1.0,-0.445549209245065,-0.17695585261719238,4.157587878965424
1.0,-1.0,0.07985967251128101,-8.000457470815158
-1.0,-0.15210973063910194,-0.4865020516939611,-1.4052201631591579
0.2624808430255008,-1.0,0.15514458961488042,1.4976498170198684
-0.302969949391934,-0.47534883030577557,-1.0,-4.564841779081946
-0.06993876670387467,1.0,-0.2255551039998116,9.143549634089467
-1.0,-0.6723413780600533,1.0,12.941645588384613
-0.3929221230173576,-0.3927276940229385,-0.10339554582685029,1.19838384111875
-0.8542513492624071,-0.6728365862433072,0.48108130686821404,2.6675414822298666
-1.0,0.11549931482808029,0.9125230576973966,-0.08663425409602221
-0.9186463846140283,1.0,0.3390634440654645,2.1800230633412494
-0.7296896129664721,0.5333146674815441,0.7839084647416761,-0.13458261669685911
-0.4579185018980889,1.0,0.18326326863869102,5.784061216968975
0.19093131399171503,0.7174412655222144,-1.0,-3.374979028103986
-0.6273670839888732,-0.8038925078867059,1.0,1.9990319119578237
0.026528233264076384,0.478094275109201,1.0,3.123173615028213
-0.2661848615766358,0.7038261697734689,-0.428927820072567,-0.6289686564433713
-0.3488830323971015,-0.1802947169551623,1.0,0.83504944948338
0.5043970306874455,-0.30646137476195445,0.5256685626164392,1.0441597002428329
0.14481302695074794,0.31386076028242593,0.0743349416740744,0.694281392802655
-1.0,-0.3801637239817448,-0.3458803836560742,-2.597156273072998
-0.15732418032747497,-1.0,0.5103677595292224,1.0750278129541826
